epNum,seasonNum,mid,epTitle
1,1,20,a
1,2,20,b
1,3,20,c
1,4,20,d
1,5,20,e
1,1,21,f
1,2,21,g
1,3,21,h
1,4,21,i
1,5,21,j
1,1,22,k
1,2,22,l
1,3,22,m
1,4,22,n
1,1,23,o
1,2,23,p
1,3,23,q
1,4,23,r
1,1,24,s
1,2,24,t
1,3,24,u
1,4,24,v
1,1,25,w
1,2,25,x
1,3,25,y
1,1,26,z
1,2,26,a
1,3,26,b
1,1,27,c
1,2,27,d
1,3,27,e
1,1,28,f
1,2,28,g
1,1,29,h
1,2,29,i
1,3,29,j
1,4,29,k
1,1,30,l
2,1,20,m
2,2,20,n
2,3,20,o
2,4,20,p
2,5,20,q
2,1,21,r
2,2,21,s
2,3,21,t
2,4,21,u
2,5,21,v
2,1,22,w
2,2,22,x
2,3,22,y
2,4,22,z
2,1,23,a
2,2,23,b
2,3,23,c
2,4,23,d
2,1,24,e
2,2,24,f
2,3,24,g
2,4,24,h
2,1,25,i
2,2,25,j
2,3,25,k
2,1,26,l
2,2,26,m
2,3,26,n
2,1,27,o
3,2,23,p
3,3,23,q
3,4,23,r
3,1,24,s
3,2,24,t
3,3,24,u
3,4,24,v
3,1,25,w
3,2,25,x
3,3,25,y
3,1,26,z
3,2,26,a
3,3,26,b
3,1,27,c
4,2,24,d
4,3,24,e
4,4,24,f
4,1,25,g
4,2,25,h
4,3,25,i
4,1,26,j
4,2,26,k
5,3,25,l
5,1,26,m
5,2,26,n
